descriptor,papu_spearman_rho,papu_spearman_p,papu_n
mollogp,0.1546280343724011,0.4706406057278181,24
tpsa_per_heavy_atom,-0.24877009786121204,0.24111632256356458,24
